{"stats":{"minecraft:picked_up":{"minecraft:white_carpet":1,"minecraft:dropper":2225,"minecraft:redstone":1,"minecraft:shulker_box":9,"minecraft:cobblestone":1728},"minecraft:dropped":{"minecraft:dropper":497,"minecraft:white_stained_glass":1,"minecraft:shulker_box":2,"minecraft:white_concrete":1,"minecraft:glowstone":1},"minecraft:custom":{"minecraft:time_since_rest":1709623,"minecraft:open_chest":86,"minecraft:open_shulker_box":1,"minecraft:crouch_one_cm":367,"minecraft:play_time":1709623,"minecraft:sprint_one_cm":20736,"minecraft:inspect_dropper":31,"minecraft:walk_one_cm":58616,"minecraft:sneak_time":53479,"minecraft:walk_under_water_one_cm":7992,"minecraft:drop":13,"minecraft:jump":114,"minecraft:inspect_hopper":32,"minecraft:leave_game":1,"minecraft:walk_on_water_one_cm":15709,"minecraft:time_since_death":1709623,"minecraft:climb_one_cm":96,"minecraft:total_world_time":1793893,"minecraft:tune_noteblock":30,"minecraft:fly_one_cm":669668,"minecraft:inspect_dispenser":1},"minecraft:used":{"minecraft:redstone_torch":1,"minecraft:glowstone":20,"minecraft:redstone_lamp":13,"minecraft:comparator":1,"minecraft:dropper":1,"minecraft:iron_trapdoor":2,"minecraft:crafter":1,"minecraft:redstone":4,"minecraft:slime_block":2,"minecraft:white_stained_glass":28,"minecraft:shulker_box":1,"minecraft:blue_ice":5,"minecraft:smooth_stone_slab":5,"minecraft:redstone_block":1,"minecraft:observer":1,"minecraft:smooth_stone":6}},"DataVersion":3953}