{
  "minecraft:recipes/redstone/redstone": {
    "criteria": {
      "has_redstone_block": "2022-07-03 16:41:05 -0400"
    },
    "done": true
  },
  "minecraft:recipes/decorations/chest": {
    "criteria": {
      "has_lots_of_items": "2022-07-03 16:41:29 -0400"
    },
    "done": true
  },
  "minecraft:end/root": {
    "criteria": {
      "entered_end": "2022-07-03 16:41:10 -0400"
    },
    "done": true
  },
  "minecraft:story/enter_the_end": {
    "criteria": {
      "entered_end": "2022-07-03 16:41:10 -0400"
    },
    "done": true
  }
}